Workbook

Sheet Instructions
B1: Human Evaluation — Golden Corpus Labelling
B2: P000233DS · EdGenAI · AI-generated exam questions
B4: Purpose | C4: Build a human-labelled reference set so we can (a) validate the difficulty mapping and (b) measure whether the automated LLM judge agrees with human experts. Without this, the judge has nothing to be calibrated against.
B6: Raters | C6: Three independent raters. Each rater uses ONLY their own tab: Rater_1, Rater_2, Rater_3. Agree who is which before starting and record it below.
B7: Rater 1 = | C7: (name)
B8: Rater 2 = | C8: (name)
B9: Rater 3 = | C9: (name)
B11: RULE — rate blind | C11: Do NOT open the 'System_Key' tab until all three raters have finished. It contains the system's own difficulty label and the LLM judge's scores. Seeing them first will anchor your judgement and invalidate the calibration.
B12: RULE — independent | C12: Do not discuss individual questions with the other raters while labelling. Disagreement is data, not a problem — it tells us how hard the task genuinely is.
B14: What to record for each question
B15: Difficulty | C15: easy / medium / hard — for the intended cohort (undergraduate IT student who has completed the relevant topic).
C16: easy = direct recall or a single definition · medium = requires explaining or connecting two concepts · hard = requires application, analysis, or evaluation across concepts.
B18: Quality dimensions (1 = poor, 5 = excellent)
B19: Clarity | C19: Is the question unambiguous and well-formed English? Would a student know what is being asked?
B20: Groundedness | C20: Is it answerable from the subject material, without inventing facts? Flag anything that references a figure, table, page, or author that a student cannot see.
B21: Solvability | C21: Can a competent student actually answer it? Is it self-contained — no missing context, no 'according to the passage' when there is no passage?
B22: Would use | C22: Would you put this in a real exam or assessment, as written or with trivial edits? This is the single most important column.
B23: Comments | C23: Free text. Especially valuable when you score anything 1–2, or when you disagree with the difficulty the question seems to aim for.
B25: Scoring guide | C25: 1 = unusable · 2 = major problems · 3 = usable after edits · 4 = good, minor edits · 5 = use as-is.
B27: After labelling
B28: Agreement tab | C28: Computes inter-rater agreement automatically, including Fleiss' kappa on the difficulty labels. Interpretation: <0.20 poor · 0.21–0.40 fair · 0.41–0.60 moderate · 0.61–0.80 substantial · >0.80 almost perfect.
B29: Why kappa matters | C29: If humans do not agree with each other, we cannot expect the LLM judge to agree with humans. Kappa establishes the ceiling for any judge-vs-human comparison.
B30: Then compare | C30: Only once all raters are done, open System_Key to compare human consensus against the system difficulty and the LLM judge's scores.
B32: Yellow cells | C32: Yellow = a cell you fill in. Everything else is reference or calculated.

Sheet Questions
A1: question_id | B1: domain | C1: question_type | D1: learning_outcome | E1: question_text
A2: EXAMPLE | B2: database | C2: conceptual | D2: Explain how normalisation reduces redundancy in relational databases | E2: Explain why it is critical to achieve 2NF before proceeding to 3NF, and describe what would happen if this order were reversed.
A3: ↑ example row — the populate script (scripts/build_eval_sheet.py) replaces it with the real corpus

Sheet Rater_1
A1: RATER 1 — fill the yellow cells only. Do not open System_Key until everyone has finished.
A2: question_id | B2: difficulty | C2: clarity | D2: groundedness | E2: solvability | F2: would_use | G2: comments
A3: =IF(Questions!A2="","",Questions!A2) | B3: medium | C3: 4 | D3: 5 | E3: 4 | F3: 4 | G3: example — clear and grounded; delete this row's values before starting
A4: =IF(Questions!A3="","",Questions!A3)
A5: =IF(Questions!A4="","",Questions!A4)
A6: =IF(Questions!A5="","",Questions!A5)
A7: =IF(Questions!A6="","",Questions!A6)
A8: =IF(Questions!A7="","",Questions!A7)
A9: =IF(Questions!A8="","",Questions!A8)
A10: =IF(Questions!A9="","",Questions!A9)
A11: =IF(Questions!A10="","",Questions!A10)
A12: =IF(Questions!A11="","",Questions!A11)
A13: =IF(Questions!A12="","",Questions!A12)
A14: =IF(Questions!A13="","",Questions!A13)
A15: =IF(Questions!A14="","",Questions!A14)
... A62: =IF(Questions!A61="","",Questions!A61)

Sheet Rater_2
A1: RATER 2 — fill the yellow cells only. Do not open System_Key until everyone has finished.
A2: question_id | B2: difficulty | C2: clarity | D2: groundedness | E2: solvability | F2: would_use | G2: comments
A3: =IF(Questions!A2="","",Questions!A2)
A4: =IF(Questions!A3="","",Questions!A3)
A5: =IF(Questions!A4="","",Questions!A4)
A6: =IF(Questions!A5="","",Questions!A5)
A7: =IF(Questions!A6="","",Questions!A6)
A8: =IF(Questions!A7="","",Questions!A7)
A9: =IF(Questions!A8="","",Questions!A8)
A10: =IF(Questions!A9="","",Questions!A9)
A11: =IF(Questions!A10="","",Questions!A10)
A12: =IF(Questions!A11="","",Questions!A11)
A13: =IF(Questions!A12="","",Questions!A12)
A14: =IF(Questions!A13="","",Questions!A13)
... A62: =IF(Questions!A61="","",Questions!A61)

Sheet Rater_3
A1: RATER 3 — fill the yellow cells only. Do not open System_Key until everyone has finished.
A2: question_id | B2: difficulty | C2: clarity | D2: groundedness | E2: solvability | F2: would_use | G2: comments
A3: =IF(Questions!A2="","",Questions!A2)
A4: =IF(Questions!A3="","",Questions!A3)
A5: =IF(Questions!A4="","",Questions!A4)
A6: =IF(Questions!A5="","",Questions!A5)
A7: =IF(Questions!A6="","",Questions!A6)
A8: =IF(Questions!A7="","",Questions!A7)
A9: =IF(Questions!A8="","",Questions!A8)
A10: =IF(Questions!A9="","",Questions!A9)
A11: =IF(Questions!A10="","",Questions!A10)
A12: =IF(Questions!A11="","",Questions!A11)
A13: =IF(Questions!A12="","",Questions!A12)
A14: =IF(Questions!A13="","",Questions!A13)
... A62: =IF(Questions!A61="","",Questions!A61)

Sheet Agreement
A1: Inter-rater agreement (calculated — do not edit)
A3: question_id | B3: n_easy | C3: n_medium | D3: n_hard | E3: consensus | F3: agreement | G3: mean_quality | H3: P_i
A4: =IF(Questions!A2="","",Questions!A2) | B4: =IF($A4="","",COUNTIF(Rater_1!B3,"easy")+COUNTIF(Rater_2!B3,"easy")+COUNTIF(Rater_3!B3,"easy")) | C4: =IF($A4="","",COUNTIF(Rater_1!B3,"medium")+COUNTIF(Rater_2!B3,"medium")+COUNTIF(Rater_3!B3,"medium")) | D4: =IF($A4="","",COUNTIF(Rater_1!B3,"hard")+COUNTIF(Rater_2!B3,"hard")+COUNTIF(Rater_3!B3,"hard")) | E4: =IF($A4="","",IF(SUM(B4:D4)<3,"incomplete",IF(MAX(B4:D4)<2,"no majority",INDEX({"easy","medium","hard"},MATCH(MAX(B4:D4),B4:D4,0))))) | F4: =IF($A4="","",IF(SUM(B4:D4)<3,"",IF(MAX(B4:D4)=3,"full",IF(MAX(B4:D4)=2,"partial","none")))) | G4: =IF($A4="","",IFERROR(AVERAGE(Rater_1!C3:F3,Rater_2!C3:F3,Rater_3!C3:F3),"")) | H4: =IF($A4="","",IF(SUM(B4:D4)<3,"",(B4^2+C4^2+D4^2-3)/6))
A5: =IF(Questions!A3="","",Questions!A3) | B5: =IF($A5="","",COUNTIF(Rater_1!B4,"easy")+COUNTIF(Rater_2!B4,"easy")+COUNTIF(Rater_3!B4,"easy")) | C5: =IF($A5="","",COUNTIF(Rater_1!B4,"medium")+COUNTIF(Rater_2!B4,"medium")+COUNTIF(Rater_3!B4,"medium")) | D5: =IF($A5="","",COUNTIF(Rater_1!B4,"hard")+COUNTIF(Rater_2!B4,"hard")+COUNTIF(Rater_3!B4,"hard")) | E5: =IF($A5="","",IF(SUM(B5:D5)<3,"incomplete",IF(MAX(B5:D5)<2,"no majority",INDEX({"easy","medium","hard"},MATCH(MAX(B5:D5),B5:D5,0))))) | F5: =IF($A5="","",IF(SUM(B5:D5)<3,"",IF(MAX(B5:D5)=3,"full",IF(MAX(B5:D5)=2,"partial","none")))) | G5: =IF($A5="","",IFERROR(AVERAGE(Rater_1!C4:F4,Rater_2!C4:F4,Rater_3!C4:F4),"")) | H5: =IF($A5="","",IF(SUM(B5:D5)<3,"",(B5^2+C5^2+D5^2-3)/6))
A6: =IF(Questions!A4="","",Questions!A4) | B6: =IF($A6="","",COUNTIF(Rater_1!B5,"easy")+COUNTIF(Rater_2!B5,"easy")+COUNTIF(Rater_3!B5,"easy")) | C6: =IF($A6="","",COUNTIF(Rater_1!B5,"medium")+COUNTIF(Rater_2!B5,"medium")+COUNTIF(Rater_3!B5,"medium")) | D6: =IF($A6="","",COUNTIF(Rater_1!B5,"hard")+COUNTIF(Rater_2!B5,"hard")+COUNTIF(Rater_3!B5,"hard")) | E6: =IF($A6="","",IF(SUM(B6:D6)<3,"incomplete",IF(MAX(B6:D6)<2,"no majority",INDEX({"easy","medium","hard"},MATCH(MAX(B6:D6),B6:D6,0))))) | F6: =IF($A6="","",IF(SUM(B6:D6)<3,"",IF(MAX(B6:D6)=3,"full",IF(MAX(B6:D6)=2,"partial","none")))) | G6: =IF($A6="","",IFERROR(AVERAGE(Rater_1!C5:F5,Rater_2!C5:F5,Rater_3!C5:F5),"")) | H6: =IF($A6="","",IF(SUM(B6:D6)<3,"",(B6^2+C6^2+D6^2-3)/6))
A7: =IF(Questions!A5="","",Questions!A5) | B7: =IF($A7="","",COUNTIF(Rater_1!B6,"easy")+COUNTIF(Rater_2!B6,"easy")+COUNTIF(Rater_3!B6,"easy")) | C7: =IF($A7="","",COUNTIF(Rater_1!B6,"medium")+COUNTIF(Rater_2!B6,"medium")+COUNTIF(Rater_3!B6,"medium")) | D7: =IF($A7="","",COUNTIF(Rater_1!B6,"hard")+COUNTIF(Rater_2!B6,"hard")+COUNTIF(Rater_3!B6,"hard")) | E7: =IF($A7="","",IF(SUM(B7:D7)<3,"incomplete",IF(MAX(B7:D7)<2,"no majority",INDEX({"easy","medium","hard"},MATCH(MAX(B7:D7),B7:D7,0))))) | F7: =IF($A7="","",IF(SUM(B7:D7)<3,"",IF(MAX(B7:D7)=3,"full",IF(MAX(B7:D7)=2,"partial","none")))) | G7: =IF($A7="","",IFERROR(AVERAGE(Rater_1!C6:F6,Rater_2!C6:F6,Rater_3!C6:F6),"")) | H7: =IF($A7="","",IF(SUM(B7:D7)<3,"",(B7^2+C7^2+D7^2-3)/6))
A8: =IF(Questions!A6="","",Questions!A6) | B8: =IF($A8="","",COUNTIF(Rater_1!B7,"easy")+COUNTIF(Rater_2!B7,"easy")+COUNTIF(Rater_3!B7,"easy")) | C8: =IF($A8="","",COUNTIF(Rater_1!B7,"medium")+COUNTIF(Rater_2!B7,"medium")+COUNTIF(Rater_3!B7,"medium")) | D8: =IF($A8="","",COUNTIF(Rater_1!B7,"hard")+COUNTIF(Rater_2!B7,"hard")+COUNTIF(Rater_3!B7,"hard")) | E8: =IF($A8="","",IF(SUM(B8:D8)<3,"incomplete",IF(MAX(B8:D8)<2,"no majority",INDEX({"easy","medium","hard"},MATCH(MAX(B8:D8),B8:D8,0))))) | F8: =IF($A8="","",IF(SUM(B8:D8)<3,"",IF(MAX(B8:D8)=3,"full",IF(MAX(B8:D8)=2,"partial","none")))) | G8: =IF($A8="","",IFERROR(AVERAGE(Rater_1!C7:F7,Rater_2!C7:F7,Rater_3!C7:F7),"")) | H8: =IF($A8="","",IF(SUM(B8:D8)<3,"",(B8^2+C8^2+D8^2-3)/6))
A9: =IF(Questions!A7="","",Questions!A7) | B9: =IF($A9="","",COUNTIF(Rater_1!B8,"easy")+COUNTIF(Rater_2!B8,"easy")+COUNTIF(Rater_3!B8,"easy")) | C9: =IF($A9="","",COUNTIF(Rater_1!B8,"medium")+COUNTIF(Rater_2!B8,"medium")+COUNTIF(Rater_3!B8,"medium")) | D9: =IF($A9="","",COUNTIF(Rater_1!B8,"hard")+COUNTIF(Rater_2!B8,"hard")+COUNTIF(Rater_3!B8,"hard")) | E9: =IF($A9="","",IF(SUM(B9:D9)<3,"incomplete",IF(MAX(B9:D9)<2,"no majority",INDEX({"easy","medium","hard"},MATCH(MAX(B9:D9),B9:D9,0))))) | F9: =IF($A9="","",IF(SUM(B9:D9)<3,"",IF(MAX(B9:D9)=3,"full",IF(MAX(B9:D9)=2,"partial","none")))) | G9: =IF($A9="","",IFERROR(AVERAGE(Rater_1!C8:F8,Rater_2!C8:F8,Rater_3!C8:F8),"")) | H9: =IF($A9="","",IF(SUM(B9:D9)<3,"",(B9^2+C9^2+D9^2-3)/6))
A10: =IF(Questions!A8="","",Questions!A8) | B10: =IF($A10="","",COUNTIF(Rater_1!B9,"easy")+COUNTIF(Rater_2!B9,"easy")+COUNTIF(Rater_3!B9,"easy")) | C10: =IF($A10="","",COUNTIF(Rater_1!B9,"medium")+COUNTIF(Rater_2!B9,"medium")+COUNTIF(Rater_3!B9,"medium")) | D10: =IF($A10="","",COUNTIF(Rater_1!B9,"hard")+COUNTIF(Rater_2!B9,"hard")+COUNTIF(Rater_3!B9,"hard")) | E10: =IF($A10="","",IF(SUM(B10:D10)<3,"incomplete",IF(MAX(B10:D10)<2,"no majority",INDEX({"easy","medium","hard"},MATCH(MAX(B10:D10),B10:D10,0))))) | F10: =IF($A10="","",IF(SUM(B10:D10)<3,"",IF(MAX(B10:D10)=3,"full",IF(MAX(B10:D10)=2,"partial","none")))) | G10: =IF($A10="","",IFERROR(AVERAGE(Rater_1!C9:F9,Rater_2!C9:F9,Rater_3!C9:F9),"")) | H10: =IF($A10="","",IF(SUM(B10:D10)<3,"",(B10^2+C10^2+D10^2-3)/6))
A11: =IF(Questions!A9="","",Questions!A9) | B11: =IF($A11="","",COUNTIF(Rater_1!B10,"easy")+COUNTIF(Rater_2!B10,"easy")+COUNTIF(Rater_3!B10,"easy")) | C11: =IF($A11="","",COUNTIF(Rater_1!B10,"medium")+COUNTIF(Rater_2!B10,"medium")+COUNTIF(Rater_3!B10,"medium")) | D11: =IF($A11="","",COUNTIF(Rater_1!B10,"hard")+COUNTIF(Rater_2!B10,"hard")+COUNTIF(Rater_3!B10,"hard")) | E11: =IF($A11="","",IF(SUM(B11:D11)<3,"incomplete",IF(MAX(B11:D11)<2,"no majority",INDEX({"easy","medium","hard"},MATCH(MAX(B11:D11),B11:D11,0))))) | F11: =IF($A11="","",IF(SUM(B11:D11)<3,"",IF(MAX(B11:D11)=3,"full",IF(MAX(B11:D11)=2,"partial","none")))) | G11: =IF($A11="","",IFERROR(AVERAGE(Rater_1!C10:F10,Rater_2!C10:F10,Rater_3!C10:F10),"")) | H11: =IF($A11="","",IF(SUM(B11:D11)<3,"",(B11^2+C11^2+D11^2-3)/6))
A12: =IF(Questions!A10="","",Questions!A10) | B12: =IF($A12="","",COUNTIF(Rater_1!B11,"easy")+COUNTIF(Rater_2!B11,"easy")+COUNTIF(Rater_3!B11,"easy")) | C12: =IF($A12="","",COUNTIF(Rater_1!B11,"medium")+COUNTIF(Rater_2!B11,"medium")+COUNTIF(Rater_3!B11,"medium")) | D12: =IF($A12="","",COUNTIF(Rater_1!B11,"hard")+COUNTIF(Rater_2!B11,"hard")+COUNTIF(Rater_3!B11,"hard")) | E12: =IF($A12="","",IF(SUM(B12:D12)<3,"incomplete",IF(MAX(B12:D12)<2,"no majority",INDEX({"easy","medium","hard"},MATCH(MAX(B12:D12),B12:D12,0))))) | F12: =IF($A12="","",IF(SUM(B12:D12)<3,"",IF(MAX(B12:D12)=3,"full",IF(MAX(B12:D12)=2,"partial","none")))) | G12: =IF($A12="","",IFERROR(AVERAGE(Rater_1!C11:F11,Rater_2!C11:F11,Rater_3!C11:F11),"")) | H12: =IF($A12="","",IF(SUM(B12:D12)<3,"",(B12^2+C12^2+D12^2-3)/6))
A13: =IF(Questions!A11="","",Questions!A11) | B13: =IF($A13="","",COUNTIF(Rater_1!B12,"easy")+COUNTIF(Rater_2!B12,"easy")+COUNTIF(Rater_3!B12,"easy")) | C13: =IF($A13="","",COUNTIF(Rater_1!B12,"medium")+COUNTIF(Rater_2!B12,"medium")+COUNTIF(Rater_3!B12,"medium")) | D13: =IF($A13="","",COUNTIF(Rater_1!B12,"hard")+COUNTIF(Rater_2!B12,"hard")+COUNTIF(Rater_3!B12,"hard")) | E13: =IF($A13="","",IF(SUM(B13:D13)<3,"incomplete",IF(MAX(B13:D13)<2,"no majority",INDEX({"easy","medium","hard"},MATCH(MAX(B13:D13),B13:D13,0))))) | F13: =IF($A13="","",IF(SUM(B13:D13)<3,"",IF(MAX(B13:D13)=3,"full",IF(MAX(B13:D13)=2,"partial","none")))) | G13: =IF($A13="","",IFERROR(AVERAGE(Rater_1!C12:F12,Rater_2!C12:F12,Rater_3!C12:F12),"")) | H13: =IF($A13="","",IF(SUM(B13:D13)<3,"",(B13^2+C13^2+D13^2-3)/6))
A14: =IF(Questions!A12="","",Questions!A12) | B14: =IF($A14="","",COUNTIF(Rater_1!B13,"easy")+COUNTIF(Rater_2!B13,"easy")+COUNTIF(Rater_3!B13,"easy")) | C14: =IF($A14="","",COUNTIF(Rater_1!B13,"medium")+COUNTIF(Rater_2!B13,"medium")+COUNTIF(Rater_3!B13,"medium")) | D14: =IF($A14="","",COUNTIF(Rater_1!B13,"hard")+COUNTIF(Rater_2!B13,"hard")+COUNTIF(Rater_3!B13,"hard")) | E14: =IF($A14="","",IF(SUM(B14:D14)<3,"incomplete",IF(MAX(B14:D14)<2,"no majority",INDEX({"easy","medium","hard"},MATCH(MAX(B14:D14),B14:D14,0))))) | F14: =IF($A14="","",IF(SUM(B14:D14)<3,"",IF(MAX(B14:D14)=3,"full",IF(MAX(B14:D14)=2,"partial","none")))) | G14: =IF($A14="","",IFERROR(AVERAGE(Rater_1!C13:F13,Rater_2!C13:F13,Rater_3!C13:F13),"")) | H14: =IF($A14="","",IF(SUM(B14:D14)<3,"",(B14^2+C14^2+D14^2-3)/6))
A15: =IF(Questions!A13="","",Questions!A13) | B15: =IF($A15="","",COUNTIF(Rater_1!B14,"easy")+COUNTIF(Rater_2!B14,"easy")+COUNTIF(Rater_3!B14,"easy")) | C15: =IF($A15="","",COUNTIF(Rater_1!B14,"medium")+COUNTIF(Rater_2!B14,"medium")+COUNTIF(Rater_3!B14,"medium")) | D15: =IF($A15="","",COUNTIF(Rater_1!B14,"hard")+COUNTIF(Rater_2!B14,"hard")+COUNTIF(Rater_3!B14,"hard")) | E15: =IF($A15="","",IF(SUM(B15:D15)<3,"incomplete",IF(MAX(B15:D15)<2,"no majority",INDEX({"easy","medium","hard"},MATCH(MAX(B15:D15),B15:D15,0))))) | F15: =IF($A15="","",IF(SUM(B15:D15)<3,"",IF(MAX(B15:D15)=3,"full",IF(MAX(B15:D15)=2,"partial","none")))) | G15: =IF($A15="","",IFERROR(AVERAGE(Rater_1!C14:F14,Rater_2!C14:F14,Rater_3!C14:F14),"")) | H15: =IF($A15="","",IF(SUM(B15:D15)<3,"",(B15^2+C15^2+D15^2-3)/6))
... A63: =IF(Questions!A61="","",Questions!A61) | B63: =IF($A63="","",COUNTIF(Rater_1!B62,"easy")+COUNTIF(Rater_2!B62,"easy")+COUNTIF(Rater_3!B62,"easy")) | C63: =IF($A63="","",COUNTIF(Rater_1!B62,"medium")+COUNTIF(Rater_2!B62,"medium")+COUNTIF(Rater_3!B62,"medium")) | D63: =IF($A63="","",COUNTIF(Rater_1!B62,"hard")+COUNTIF(Rater_2!B62,"hard")+COUNTIF(Rater_3!B62,"hard")) | E63: =IF($A63="","",IF(SUM(B63:D63)<3,"incomplete",IF(MAX(B63:D63)<2,"no majority",INDEX({"easy","medium","hard"},MATCH(MAX(B63:D63),B63:D63,0))))) | F63: =IF($A63="","",IF(SUM(B63:D63)<3,"",IF(MAX(B63:D63)=3,"full",IF(MAX(B63:D63)=2,"partial","none")))) | G63: =IF($A63="","",IFERROR(AVERAGE(Rater_1!C62:F62,Rater_2!C62:F62,Rater_3!C62:F62),"")) | H63: =IF($A63="","",IF(SUM(B63:D63)<3,"",(B63^2+C63^2+D63^2-3)/6))
A65: Summary
A66: Questions rated (all 3 raters) | D66: =SUMPRODUCT(--(H4:H63<>"")) | E66: items with a complete set of three difficulty labels
A67: Full agreement (3/3) | D67: =IFERROR(COUNTIF(F4:F63,"full")/SUMPRODUCT(--(H4:H63<>"")),"") | E67: all three raters chose the same difficulty
A68: Any majority (≥2/3) | D68: =IFERROR((COUNTIF(F4:F63,"full")+COUNTIF(F4:F63,"partial"))/SUMPRODUCT(--(H4:H63<>"")),"")
A69: Mean quality (all raters, all dimensions) | D69: =IFERROR(AVERAGE(G4:G63),"")
A71: Fleiss' kappa — difficulty labels
A72: P̄ (mean observed agreement) | D72: =IFERROR(AVERAGE(H4:H63),"")
A73: p_easy | D73: =IFERROR(SUM(B4:B63)/(D66*3),"")
A74: p_medium | D74: =IFERROR(SUM(C4:C63)/(D66*3),"")
A75: p_hard | D75: =IFERROR(SUM(D4:D63)/(D66*3),"")
A76: P_e (expected by chance) | D76: =IFERROR(D73^2+D74^2+D75^2,"")
A77: Fleiss' kappa | D77: =IFERROR((D72-D76)/(1-D76),"") | E77: <0.20 poor · 0.21–0.40 fair · 0.41–0.60 moderate · 0.61–0.80 substantial · >0.80 almost perfect
A79: Note: kappa is computed on the difficulty labels only. Quality scores are ordinal — report their mean and spread, and use a weighted kappa or ICC if a formal quality-agreement figure is needed.

Sheet System_Key
A1: DO NOT OPEN until all three raters have finished labelling. Contains the system's own difficulty label and the LLM judge's scores.
A3: question_id | B3: system_difficulty | C3: judge_question | D3: judge_answer | E3: judge_retrieval | F3: judge_backend | G3: human_consensus | H3: difficulty_match
A4: =IF(Questions!A2="","",Questions!A2) | G4: =IF($A4="","",Agreement!E4) | H4: =IF(OR($A4="",$B4="",$G4="",$G4="no majority",$G4="incomplete"),"",IF(EXACT($B4,$G4),"match","differs"))
A5: =IF(Questions!A3="","",Questions!A3) | G5: =IF($A5="","",Agreement!E5) | H5: =IF(OR($A5="",$B5="",$G5="",$G5="no majority",$G5="incomplete"),"",IF(EXACT($B5,$G5),"match","differs"))
A6: =IF(Questions!A4="","",Questions!A4) | G6: =IF($A6="","",Agreement!E6) | H6: =IF(OR($A6="",$B6="",$G6="",$G6="no majority",$G6="incomplete"),"",IF(EXACT($B6,$G6),"match","differs"))
A7: =IF(Questions!A5="","",Questions!A5) | G7: =IF($A7="","",Agreement!E7) | H7: =IF(OR($A7="",$B7="",$G7="",$G7="no majority",$G7="incomplete"),"",IF(EXACT($B7,$G7),"match","differs"))
A8: =IF(Questions!A6="","",Questions!A6) | G8: =IF($A8="","",Agreement!E8) | H8: =IF(OR($A8="",$B8="",$G8="",$G8="no majority",$G8="incomplete"),"",IF(EXACT($B8,$G8),"match","differs"))
A9: =IF(Questions!A7="","",Questions!A7) | G9: =IF($A9="","",Agreement!E9) | H9: =IF(OR($A9="",$B9="",$G9="",$G9="no majority",$G9="incomplete"),"",IF(EXACT($B9,$G9),"match","differs"))
A10: =IF(Questions!A8="","",Questions!A8) | G10: =IF($A10="","",Agreement!E10) | H10: =IF(OR($A10="",$B10="",$G10="",$G10="no majority",$G10="incomplete"),"",IF(EXACT($B10,$G10),"match","differs"))
A11: =IF(Questions!A9="","",Questions!A9) | G11: =IF($A11="","",Agreement!E11) | H11: =IF(OR($A11="",$B11="",$G11="",$G11="no majority",$G11="incomplete"),"",IF(EXACT($B11,$G11),"match","differs"))
A12: =IF(Questions!A10="","",Questions!A10) | G12: =IF($A12="","",Agreement!E12) | H12: =IF(OR($A12="",$B12="",$G12="",$G12="no majority",$G12="incomplete"),"",IF(EXACT($B12,$G12),"match","differs"))
A13: =IF(Questions!A11="","",Questions!A11) | G13: =IF($A13="","",Agreement!E13) | H13: =IF(OR($A13="",$B13="",$G13="",$G13="no majority",$G13="incomplete"),"",IF(EXACT($B13,$G13),"match","differs"))
A14: =IF(Questions!A12="","",Questions!A12) | G14: =IF($A14="","",Agreement!E14) | H14: =IF(OR($A14="",$B14="",$G14="",$G14="no majority",$G14="incomplete"),"",IF(EXACT($B14,$G14),"match","differs"))
A15: =IF(Questions!A13="","",Questions!A13) | G15: =IF($A15="","",Agreement!E15) | H15: =IF(OR($A15="",$B15="",$G15="",$G15="no majority",$G15="incomplete"),"",IF(EXACT($B15,$G15),"match","differs"))
... A63: =IF(Questions!A61="","",Questions!A61) | G63: =IF($A63="","",Agreement!E63) | H63: =IF(OR($A63="",$B63="",$G63="",$G63="no majority",$G63="incomplete"),"",IF(EXACT($B63,$G63),"match","differs"))
A65: System vs human difficulty — match rate | D65: =IFERROR(COUNTIF(H4:H63,"match")/(COUNTIF(H4:H63,"match")+COUNTIF(H4:H63,"differs")),"") | E65: how often the difficulty mapping agrees with the human consensus
A67: Judge columns (C–E) are populated by scripts/build_eval_sheet.py from the evaluation records. Compare judge_question against the human 'would_use' mean on the Agreement tab — that comparison is the whole point of this exercise.
